;IDADEMAE;ESCMAE;CONSPRENAT
count;53213.0;53213.0;53213.0
mean;26.472628868885423;4.166820137936218;8.226072576250164
std;6.481450213640446;0.6351735345514573;2.7818067826396273
min;10.0;1.0;1.0
25%;21.0;4.0;6.0
50%;26.0;4.0;8.0
75%;31.0;5.0;10.0
max;50.0;9.0;30.0
