DataFrame;Soma Total;Total de Nascimentos;Média
Norte;1738864;244112;7.1232221275480105
Nordeste;4662187;577919;8.067197998335407
Sudeste;8177387;923133;8.858297775076831
Sul;3070488;331057;9.274801620264789
Centro-Oeste;1700362;205433;8.276966212828514
